Fecha_Hora,Antena,Mision,Tipo_Senal,Banda,Potencia,Data_Rate_kbps
2026-04-03 22:46:37,DSS26,SOHO,Downlink,S,-120,245.8
2026-04-03 22:46:37,DSS26,SOHO,Uplink,X,0.1,N/A
2026-04-03 22:46:37,DSS55,ESCB,Uplink,X,0.2,N/A
2026-04-03 22:46:37,DSS63,JNO,Downlink,X,-130,152.8
2026-04-03 22:46:37,DSS63,JNO,Uplink,X,17,N/A
2026-04-03 22:46:37,DSS43,EM2,Downlink,S,-99,4000.0
2026-04-03 22:46:37,DSS43,EM2,Downlink,S,-99,4000.0
2026-04-03 22:46:37,DSS34,EM2,Downlink,S,-100,4000.0
2026-04-03 22:46:37,DSS34,EM2,Downlink,S,-100,4000.0
2026-04-03 22:46:37,DSS34,EM2,Uplink,S,0.2,N/A
2026-04-04 01:44:17,DSS25,JNO,Downlink,X,-130,30.22
2026-04-04 01:44:17,DSS25,JNO,Uplink,X,18,N/A
2026-04-04 01:44:17,DSS55,ESCB,Downlink,X,-130,8.0
2026-04-04 01:44:17,DSS55,ESCB,Uplink,X,0.2,N/A
2026-04-04 01:44:17,DSS34,EM2,Downlink,S,-110,2000.0
2026-04-04 01:44:17,DSS34,EM2,Downlink,S,-110,2000.0
2026-04-04 02:33:18,DSS25,JNO,Downlink,X,-130,30.22
2026-04-04 02:33:18,DSS25,JNO,Uplink,X,18,N/A
2026-04-04 02:33:18,DSS26,BIOS,Downlink,X,-140,8.013
2026-04-04 02:33:18,DSS26,BIOS,Uplink,X,20,N/A
2026-04-04 02:33:18,DSS55,ESCB,Downlink,X,-130,8.0
2026-04-04 02:33:18,DSS55,ESCB,Uplink,X,0.2,N/A
2026-04-04 02:33:18,DSS54,EM2,Downlink,S,-100,2000.0
2026-04-04 02:33:18,DSS54,EM2,Downlink,S,-100,2000.0
2026-04-04 02:33:18,DSS56,EM2,Downlink,S,-100,2000.0
2026-04-04 02:33:18,DSS56,EM2,Downlink,S,-100,2000.0
2026-04-04 02:33:18,DSS63,VGR1,Downlink,X,-160,0.16
2026-04-04 14:04:04,DSS24,EM2,Downlink,S,-110,3000.0
2026-04-04 14:04:04,DSS24,EM2,Downlink,S,-110,3000.0
2026-04-04 14:04:04,DSS26,EM2,Downlink,S,-110,3000.0
2026-04-04 14:04:04,DSS26,EM2,Downlink,S,-110,3000.0
2026-04-04 14:04:04,DSS26,EM2,Uplink,S,0.2,N/A
2026-04-04 14:04:04,DSS25,ORX,Downlink,X,-140,0.0
2026-04-04 14:04:04,DSS55,M01O,Downlink,X,-130,14.22
2026-04-04 14:04:04,DSS55,MSL,Downlink,X,-150,0.176
2026-04-04 14:04:04,DSS55,MSL,Uplink,X,11,N/A
2026-04-04 14:04:04,DSS54,STA,Downlink,X,-120,480.0
2026-04-04 14:04:04,DSS54,STA,Uplink,X,10,N/A
2026-04-04 14:04:04,DSS56,ACE,Downlink,S,-110,87.65
2026-04-04 14:04:04,DSS56,ACE,Downlink,S,-110,87.65
2026-04-04 14:04:04,DSS56,ACE,Uplink,S,0.3,N/A
2026-04-04 14:04:04,DSS34,XMM,Downlink,S,-120,80.66
2026-04-04 14:04:04,DSS34,XMM,Uplink,S,0.2,N/A
2026-04-04 14:04:04,DSS43,JNO,Downlink,X,-130,152.8
2026-04-04 14:05:15,DSS24,EM2,Downlink,S,-110,3000.0
2026-04-04 14:05:15,DSS24,EM2,Downlink,S,-110,3000.0
2026-04-04 14:05:15,DSS26,EM2,Downlink,S,-110,3000.0
2026-04-04 14:05:15,DSS26,EM2,Downlink,S,-110,3000.0
2026-04-04 14:05:15,DSS26,EM2,Uplink,S,0.2,N/A
2026-04-04 14:05:15,DSS25,ORX,Downlink,X,-140,0.0
2026-04-04 14:05:15,DSS25,ORX,Uplink,X,19,N/A
2026-04-04 14:05:15,DSS55,M01O,Downlink,X,-130,14.22
2026-04-04 14:05:15,DSS55,MSL,Downlink,X,-150,0.176
2026-04-04 14:05:15,DSS55,MSL,Uplink,X,11,N/A
2026-04-04 14:05:15,DSS54,STA,Downlink,X,-120,480.0
2026-04-04 14:05:15,DSS54,STA,Uplink,X,10,N/A
2026-04-04 14:05:15,DSS56,ACE,Downlink,S,-110,87.65
2026-04-04 14:05:15,DSS56,ACE,Downlink,S,-110,87.65
2026-04-04 14:05:15,DSS56,ACE,Uplink,S,0.3,N/A
2026-04-04 14:05:15,DSS65,SOHO,Downlink,S,-120,0.0
2026-04-04 14:05:15,DSS65,SOHO,Uplink,S,0.1,N/A
2026-04-04 14:05:15,DSS34,XMM,Downlink,S,-120,80.66
2026-04-04 14:05:15,DSS34,XMM,Uplink,S,0.2,N/A
2026-04-04 14:05:15,DSS43,JNO,Downlink,X,-130,152.8
2026-04-04 14:23:57,DSS24,EM2,Downlink,S,-110,3000.0
2026-04-04 14:23:57,DSS24,EM2,Downlink,S,-110,3000.0
2026-04-04 14:23:57,DSS26,EM2,Downlink,S,-110,3000.0
2026-04-04 14:23:57,DSS26,EM2,Downlink,S,-110,3000.0
2026-04-04 14:23:57,DSS26,EM2,Uplink,X,0.2,N/A
2026-04-04 14:23:57,DSS25,ORX,Downlink,X,-140,0.0
2026-04-04 14:23:57,DSS25,ORX,Uplink,X,19,N/A
2026-04-04 14:23:57,DSS55,M01O,Downlink,X,-130,14.22
2026-04-04 14:23:57,DSS55,MSL,Uplink,X,11,N/A
2026-04-04 14:23:57,DSS54,STA,Downlink,X,-120,480.0
2026-04-04 14:23:57,DSS54,STA,Uplink,X,10,N/A
2026-04-04 14:23:57,DSS56,ACE,Downlink,S,-110,87.65
2026-04-04 14:23:57,DSS56,ACE,Downlink,S,-110,87.65
2026-04-04 14:23:57,DSS56,ACE,Uplink,X,0.3,N/A
2026-04-04 14:23:57,DSS65,SOHO,Downlink,S,-120,245.8
2026-04-04 14:23:57,DSS65,SOHO,Uplink,S,0.1,N/A
2026-04-04 14:23:57,DSS34,XMM,Downlink,S,-120,80.66
2026-04-04 14:23:57,DSS34,XMM,Uplink,S,0.2,N/A
2026-04-04 14:34:58,DSS24,EM2,Downlink,S,-110,3000.0
2026-04-04 14:34:58,DSS24,EM2,Downlink,S,-110,3000.0
2026-04-04 14:34:58,DSS26,EM2,Downlink,S,-110,3000.0
2026-04-04 14:34:58,DSS26,EM2,Downlink,S,-110,3000.0
2026-04-04 14:34:58,DSS26,EM2,Uplink,S,0.2,N/A
2026-04-04 14:34:58,DSS25,ORX,Downlink,X,-140,0.0
2026-04-04 14:34:58,DSS25,ORX,Uplink,X,19,N/A
2026-04-04 14:34:58,DSS55,M01O,Downlink,X,-130,14.22
2026-04-04 14:34:58,DSS55,MRO,Downlink,X,-120,1333.0
2026-04-04 14:34:58,DSS55,MSL,Uplink,X,11,N/A
2026-04-04 14:34:58,DSS54,STA,Downlink,X,-120,534.6
2026-04-04 14:34:58,DSS54,STA,Uplink,X,10,N/A
2026-04-04 14:34:58,DSS56,ACE,Downlink,S,-110,87.65
2026-04-04 14:34:58,DSS56,ACE,Downlink,S,-110,87.65
2026-04-04 14:34:58,DSS56,ACE,Uplink,X,0.3,N/A
2026-04-04 14:34:58,DSS65,SOHO,Downlink,S,-120,245.8
2026-04-04 14:34:58,DSS65,SOHO,Uplink,S,0.1,N/A
2026-04-04 14:39:54,DSS24,EM2,Downlink,S,-100,3000.0
2026-04-04 14:39:54,DSS24,EM2,Downlink,S,-100,3000.0
2026-04-04 14:39:54,DSS26,EM2,Downlink,S,-110,3000.0
2026-04-04 14:39:54,DSS26,EM2,Downlink,S,-110,3000.0
2026-04-04 14:39:54,DSS26,EM2,Uplink,X,0.2,N/A
2026-04-04 14:39:54,DSS25,ORX,Downlink,X,-140,0.0
2026-04-04 14:39:54,DSS25,ORX,Uplink,X,18,N/A
2026-04-04 14:39:54,DSS55,M01O,Downlink,X,-130,14.22
2026-04-04 14:39:54,DSS55,MRO,Downlink,X,-120,1333.0
2026-04-04 14:39:54,DSS55,MSL,Uplink,X,11,N/A
2026-04-04 14:39:54,DSS56,ACE,Downlink,S,-110,87.65
2026-04-04 14:39:54,DSS56,ACE,Downlink,S,-110,87.65
2026-04-04 14:39:54,DSS56,ACE,Uplink,S,0.3,N/A
2026-04-04 14:39:54,DSS65,SOHO,Downlink,S,-120,245.8
2026-04-04 14:39:54,DSS65,SOHO,Uplink,S,0.1,N/A
2026-04-04 14:51:45,DSS24,EM2,Downlink,S,-100,3000.0
2026-04-04 14:51:45,DSS24,EM2,Downlink,S,-100,3000.0
2026-04-04 14:51:45,DSS26,EM2,Downlink,S,-110,3000.0
2026-04-04 14:51:45,DSS26,EM2,Downlink,S,-110,3000.0
2026-04-04 14:51:45,DSS26,EM2,Uplink,S,0.2,N/A
2026-04-04 14:51:45,DSS25,ORX,Downlink,X,-140,0.0
2026-04-04 14:51:45,DSS25,ORX,Uplink,X,18,N/A
2026-04-04 14:51:45,DSS55,M01O,Downlink,X,-130,14.22
2026-04-04 14:51:45,DSS55,MRO,Downlink,X,-120,1333.0
2026-04-04 14:51:45,DSS55,MSL,Uplink,X,11,N/A
2026-04-04 14:51:45,DSS56,ACE,Downlink,S,-110,87.65
2026-04-04 14:51:45,DSS56,ACE,Downlink,S,-110,87.65
2026-04-04 14:51:45,DSS56,ACE,Uplink,X,0.3,N/A
2026-04-04 14:51:45,DSS65,SOHO,Downlink,S,-120,245.8
2026-04-04 14:51:45,DSS65,SOHO,Uplink,S,0.1,N/A
2026-04-04 14:56:16,DSS24,EM2,Downlink,S,-100,3000.0
2026-04-04 14:56:16,DSS24,EM2,Downlink,S,-100,3000.0
2026-04-04 14:56:16,DSS26,EM2,Downlink,S,-110,3000.0
2026-04-04 14:56:16,DSS26,EM2,Downlink,S,-110,3000.0
2026-04-04 14:56:16,DSS26,EM2,Uplink,X,0.2,N/A
2026-04-04 14:56:16,DSS25,ORX,Downlink,X,-140,0.0
2026-04-04 14:56:16,DSS25,ORX,Uplink,X,18,N/A
2026-04-04 14:56:16,DSS55,M01O,Downlink,X,-140,14.22
2026-04-04 14:56:16,DSS55,MRO,Downlink,X,-120,1333.0
2026-04-04 14:56:16,DSS55,MSL,Uplink,X,11,N/A
2026-04-04 14:56:16,DSS56,ACE,Downlink,S,-110,87.65
2026-04-04 14:56:16,DSS56,ACE,Downlink,S,-110,87.65
2026-04-04 14:56:16,DSS56,ACE,Uplink,S,0.3,N/A
2026-04-04 14:56:16,DSS65,SOHO,Downlink,S,-120,245.8
2026-04-04 14:56:16,DSS65,SOHO,Uplink,S,0.1,N/A
2026-04-04 15:04:52,DSS24,EM2,Downlink,S,-100,3000.0
2026-04-04 15:04:52,DSS24,EM2,Downlink,S,-100,3000.0
2026-04-04 15:04:52,DSS26,EM2,Downlink,S,-110,3000.0
2026-04-04 15:04:52,DSS26,EM2,Downlink,S,-110,3000.0
2026-04-04 15:04:52,DSS26,EM2,Uplink,S,0.2,N/A
2026-04-04 15:04:52,DSS25,ORX,Downlink,X,-140,0.0
2026-04-04 15:04:52,DSS25,ORX,Uplink,X,18,N/A
2026-04-04 15:04:52,DSS55,MRO,Downlink,X,-120,1333.0
2026-04-04 15:04:52,DSS55,MSL,Uplink,X,11,N/A
2026-04-04 15:04:52,DSS56,ACE,Downlink,S,-110,87.65
2026-04-04 15:04:52,DSS56,ACE,Downlink,S,-110,87.65
2026-04-04 15:04:52,DSS56,ACE,Uplink,S,0.3,N/A
2026-04-04 15:04:52,DSS65,SOHO,Downlink,S,-120,245.8
2026-04-04 15:04:52,DSS65,SOHO,Uplink,S,0.1,N/A
2026-04-04 15:04:52,DSS34,EM2,Uplink,S,5,N/A
2026-04-04 15:13:13,DSS24,EM2,Downlink,S,-100,3000.0
2026-04-04 15:13:13,DSS24,EM2,Downlink,S,-100,3000.0
2026-04-04 15:13:13,DSS26,EM2,Downlink,S,-110,3000.0
2026-04-04 15:13:13,DSS26,EM2,Downlink,S,-110,3000.0
2026-04-04 15:13:13,DSS26,EM2,Uplink,X,0.2,N/A
2026-04-04 15:13:13,DSS25,ORX,Downlink,X,-140,0.0
2026-04-04 15:13:13,DSS25,ORX,Uplink,X,18,N/A
2026-04-04 15:13:13,DSS55,MRO,Downlink,X,-120,1333.0
2026-04-04 15:13:13,DSS56,ACE,Downlink,S,-110,87.65
2026-04-04 15:13:13,DSS56,ACE,Downlink,S,-110,87.65
2026-04-04 15:13:13,DSS56,ACE,Uplink,X,0.3,N/A
2026-04-04 15:13:13,DSS65,SOHO,Downlink,S,-120,245.8
2026-04-04 15:13:13,DSS65,SOHO,Uplink,S,0.1,N/A
2026-04-04 15:13:13,DSS34,EM2,Uplink,S,5.1,N/A
2026-04-04 15:13:13,DSS43,EM2,Downlink,S,-140,0.0
2026-04-04 15:13:13,DSS43,EM2,Uplink,S,0.2,N/A
2026-04-04 15:16:34,DSS24,EM2,Downlink,S,-100,3000.0
2026-04-04 15:16:34,DSS24,EM2,Downlink,S,-100,3000.0
2026-04-04 15:16:34,DSS26,EM2,Downlink,S,-110,3000.0
2026-04-04 15:16:34,DSS26,EM2,Downlink,S,-110,3000.0
2026-04-04 15:16:34,DSS26,EM2,Uplink,X,0.2,N/A
2026-04-04 15:16:34,DSS25,ORX,Downlink,X,-140,0.0
2026-04-04 15:16:34,DSS25,ORX,Uplink,X,18,N/A
2026-04-04 15:16:34,DSS55,M01O,Downlink,X,-130,14.22
2026-04-04 15:16:34,DSS55,MRO,Downlink,X,-120,1333.0
2026-04-04 15:16:34,DSS56,ACE,Downlink,S,-110,87.65
2026-04-04 15:16:34,DSS56,ACE,Downlink,S,-110,87.65
2026-04-04 15:16:34,DSS56,ACE,Uplink,X,0.3,N/A
2026-04-04 15:16:34,DSS65,SOHO,Downlink,S,-120,245.8
2026-04-04 15:16:34,DSS65,SOHO,Uplink,S,0.1,N/A
2026-04-04 15:16:34,DSS34,EM2,Downlink,S,-140,0.0
2026-04-04 15:16:34,DSS34,EM2,Uplink,S,5.2,N/A
2026-04-04 15:16:34,DSS43,EM2,Downlink,S,-140,0.0
2026-04-04 15:16:34,DSS43,EM2,Uplink,S,0.2,N/A
2026-04-04 15:17:39,DSS24,EM2,Downlink,S,-100,3000.0
2026-04-04 15:17:39,DSS24,EM2,Downlink,S,-100,3000.0
2026-04-04 15:17:39,DSS26,EM2,Downlink,S,-110,3000.0
2026-04-04 15:17:39,DSS26,EM2,Downlink,S,-110,3000.0
2026-04-04 15:17:39,DSS26,EM2,Uplink,X,0.2,N/A
2026-04-04 15:17:39,DSS25,ORX,Downlink,X,-140,0.0
2026-04-04 15:17:39,DSS25,ORX,Uplink,X,19,N/A
2026-04-04 15:17:39,DSS55,M01O,Downlink,X,-130,14.22
2026-04-04 15:17:39,DSS55,MRO,Downlink,X,-120,1333.0
2026-04-04 15:17:39,DSS56,ACE,Downlink,S,-110,87.65
2026-04-04 15:17:39,DSS56,ACE,Downlink,S,-110,87.65
2026-04-04 15:17:39,DSS56,ACE,Uplink,X,0.3,N/A
2026-04-04 15:17:39,DSS65,SOHO,Downlink,S,-120,245.8
2026-04-04 15:17:39,DSS65,SOHO,Uplink,S,0.1,N/A
2026-04-04 15:17:39,DSS34,EM2,Uplink,S,5.1,N/A
2026-04-04 15:21:04,DSS24,EM2,Downlink,S,-100,3000.0
2026-04-04 15:21:04,DSS24,EM2,Downlink,S,-100,3000.0
2026-04-04 15:21:04,DSS26,EM2,Downlink,S,-110,3000.0
2026-04-04 15:21:04,DSS26,EM2,Downlink,S,-110,3000.0
2026-04-04 15:21:04,DSS26,EM2,Uplink,S,0.2,N/A
2026-04-04 15:21:04,DSS25,ORX,Downlink,X,-140,0.0
2026-04-04 15:21:04,DSS25,ORX,Uplink,X,18,N/A
2026-04-04 15:21:04,DSS55,M01O,Downlink,X,-130,14.22
2026-04-04 15:21:04,DSS55,MRO,Downlink,X,-120,1333.0
2026-04-04 15:21:04,DSS56,ACE,Downlink,S,-110,87.65
2026-04-04 15:21:04,DSS56,ACE,Downlink,S,-110,87.65
2026-04-04 15:21:04,DSS56,ACE,Uplink,S,0.3,N/A
2026-04-04 15:21:04,DSS65,SOHO,Downlink,S,-120,245.8
2026-04-04 15:21:04,DSS65,SOHO,Uplink,S,0.1,N/A
2026-04-04 15:21:04,DSS34,EM2,Downlink,S,-140,0.0
2026-04-04 15:21:04,DSS34,EM2,Uplink,S,5.2,N/A
2026-04-04 15:21:04,DSS43,EM2,Downlink,S,-140,0.0
2026-04-04 15:21:04,DSS43,EM2,Uplink,S,0.2,N/A
2026-04-04 15:21:09,DSS24,EM2,Downlink,S,-100,3000.0
2026-04-04 15:21:09,DSS24,EM2,Downlink,S,-100,3000.0
2026-04-04 15:21:09,DSS26,EM2,Downlink,S,-110,3000.0
2026-04-04 15:21:09,DSS26,EM2,Downlink,S,-110,3000.0
2026-04-04 15:21:09,DSS26,EM2,Uplink,S,0.2,N/A
2026-04-04 15:21:09,DSS25,ORX,Downlink,X,-140,0.0
2026-04-04 15:21:09,DSS55,M01O,Downlink,X,-130,14.22
2026-04-04 15:21:09,DSS55,MRO,Downlink,X,-120,1333.0
2026-04-04 15:21:09,DSS56,ACE,Downlink,S,-110,87.65
2026-04-04 15:21:09,DSS56,ACE,Downlink,S,-110,87.65
2026-04-04 15:21:09,DSS56,ACE,Uplink,X,0.3,N/A
2026-04-04 15:21:09,DSS65,SOHO,Downlink,S,-120,245.8
2026-04-04 15:21:09,DSS65,SOHO,Uplink,S,0.1,N/A
2026-04-04 15:21:09,DSS34,EM2,Downlink,S,-140,0.0
2026-04-04 15:21:09,DSS34,EM2,Uplink,S,5.2,N/A
2026-04-04 15:21:09,DSS43,EM2,Downlink,S,-140,0.0
2026-04-04 15:21:09,DSS43,EM2,Uplink,S,0.2,N/A
2026-04-04 15:23:10,DSS24,EM2,Downlink,S,-100,3000.0
2026-04-04 15:23:10,DSS24,EM2,Downlink,S,-100,3000.0
2026-04-04 15:23:10,DSS26,EM2,Downlink,S,-110,3000.0
2026-04-04 15:23:10,DSS26,EM2,Downlink,S,-110,3000.0
2026-04-04 15:23:10,DSS26,EM2,Uplink,S,0.2,N/A
2026-04-04 15:23:10,DSS25,ORX,Downlink,X,-140,0.0
2026-04-04 15:23:10,DSS55,M01O,Downlink,X,-130,14.22
2026-04-04 15:23:10,DSS55,MRO,Downlink,X,-120,1333.0
2026-04-04 15:23:10,DSS56,ACE,Downlink,S,-110,87.65
2026-04-04 15:23:10,DSS56,ACE,Downlink,S,-110,87.65
2026-04-04 15:23:10,DSS56,ACE,Uplink,S,0.3,N/A
2026-04-04 15:23:10,DSS65,SOHO,Downlink,S,-120,245.8
2026-04-04 15:23:10,DSS65,SOHO,Uplink,S,0.1,N/A
2026-04-04 15:23:10,DSS34,EM2,Uplink,S,5.1,N/A
2026-04-04 15:23:10,DSS43,EM2,Downlink,S,-140,0.0
2026-04-04 15:23:10,DSS43,EM2,Uplink,S,0.2,N/A
2026-04-04 15:23:35,DSS24,EM2,Downlink,S,-100,3000.0
2026-04-04 15:23:35,DSS24,EM2,Downlink,S,-100,3000.0
2026-04-04 15:23:35,DSS26,EM2,Downlink,S,-110,3000.0
2026-04-04 15:23:35,DSS26,EM2,Downlink,S,-110,3000.0
2026-04-04 15:23:35,DSS26,EM2,Uplink,X,0.2,N/A
2026-04-04 15:23:35,DSS25,ORX,Downlink,X,-140,0.0
2026-04-04 15:23:35,DSS55,M01O,Downlink,X,-130,14.22
2026-04-04 15:23:35,DSS55,MRO,Downlink,X,-120,1333.0
2026-04-04 15:23:35,DSS56,ACE,Downlink,S,-110,87.65
2026-04-04 15:23:35,DSS56,ACE,Downlink,S,-110,87.65
2026-04-04 15:23:35,DSS56,ACE,Uplink,X,0.3,N/A
2026-04-04 15:23:35,DSS65,SOHO,Downlink,S,-120,245.8
2026-04-04 15:23:35,DSS65,SOHO,Uplink,S,0.1,N/A
2026-04-04 15:23:35,DSS34,EM2,Uplink,S,5.1,N/A
2026-04-04 15:23:35,DSS43,EM2,Downlink,S,-160,0.0
2026-04-04 15:23:35,DSS43,EM2,Uplink,S,0.2,N/A
2026-04-04 15:32:41,DSS24,EM2,Downlink,S,-100,3000.0
2026-04-04 15:32:41,DSS24,EM2,Downlink,S,-100,3000.0
2026-04-04 15:32:41,DSS26,EM2,Downlink,S,-110,3000.0
2026-04-04 15:32:41,DSS26,EM2,Downlink,S,-110,3000.0
2026-04-04 15:32:41,DSS26,EM2,Uplink,X,0.2,N/A
2026-04-04 15:32:41,DSS55,M01O,Downlink,X,-130,14.22
2026-04-04 15:32:41,DSS55,MRO,Downlink,X,-130,1333.0
2026-04-04 15:32:41,DSS65,SOHO,Downlink,S,-130,245.8
2026-04-04 15:32:41,DSS65,SOHO,Uplink,S,0.1,N/A
2026-04-04 15:32:41,DSS54,TGO,Uplink,X,8.3,N/A
2026-04-04 15:32:41,DSS34,EM2,Downlink,S,-140,0.0
2026-04-04 15:32:41,DSS34,EM2,Uplink,S,4.8,N/A
2026-04-04 15:32:41,DSS43,EM2,Downlink,S,-140,0.0
2026-04-04 15:32:41,DSS43,EM2,Uplink,S,0.2,N/A
2026-04-04 15:44:53,DSS24,EM2,Downlink,S,-100,3000.0
2026-04-04 15:44:53,DSS24,EM2,Downlink,S,-100,3000.0
2026-04-04 15:44:53,DSS26,EM2,Downlink,S,-110,3000.0
2026-04-04 15:44:53,DSS26,EM2,Downlink,S,-110,3000.0
2026-04-04 15:44:53,DSS26,EM2,Uplink,X,0.2,N/A
2026-04-04 15:44:53,DSS55,M01O,Downlink,X,-130,14.22
2026-04-04 15:44:53,DSS55,M01O,Uplink,X,12,N/A
2026-04-04 15:44:53,DSS65,SOHO,Downlink,S,-120,245.8
2026-04-04 15:44:53,DSS65,SOHO,Uplink,S,0.1,N/A
2026-04-04 15:44:53,DSS34,EM2,Downlink,S,-140,0.0
2026-04-04 15:44:53,DSS34,EM2,Uplink,S,0.3,N/A
2026-04-04 16:52:11,DSS55,M01O,Downlink,X,-130,14.22
2026-04-04 16:52:11,DSS55,MRO,Downlink,X,-120,1333.0
2026-04-04 16:52:11,DSS55,M01O,Uplink,X,12,N/A
2026-04-04 16:52:11,DSS65,SOHO,Downlink,S,-120,245.8
2026-04-04 16:52:11,DSS65,SOHO,Uplink,S,0.1,N/A
2026-04-04 16:52:11,DSS54,TGO,Uplink,X,10,N/A
2026-04-04 16:52:11,DSS34,EM2,Downlink,S,-110,6000.0
2026-04-04 16:52:11,DSS34,EM2,Downlink,S,-110,6000.0
2026-04-04 16:52:11,DSS43,EM2,Downlink,S,-110,6000.0
2026-04-04 16:52:11,DSS43,EM2,Downlink,S,-110,6000.0
2026-04-04 16:52:11,DSS43,EM2,Uplink,S,0.2,N/A
2026-04-04 16:55:21,DSS25,SPP,Downlink,X,-160,0.0
2026-04-04 16:55:21,DSS55,MRO,Downlink,X,-120,1333.0
2026-04-04 16:55:21,DSS55,M01O,Uplink,X,12,N/A
2026-04-04 16:55:21,DSS65,SOHO,Downlink,S,-120,245.8
2026-04-04 16:55:21,DSS65,SOHO,Uplink,S,0.1,N/A
2026-04-04 16:55:21,DSS54,TGO,Uplink,X,10,N/A
2026-04-04 16:55:21,DSS56,SPP,Downlink,X,-160,0.0
2026-04-04 16:55:21,DSS34,EM2,Downlink,S,-110,6000.0
2026-04-04 16:55:21,DSS34,EM2,Downlink,S,-110,6000.0
2026-04-04 16:55:21,DSS43,EM2,Downlink,S,-110,6000.0
2026-04-04 16:55:21,DSS43,EM2,Downlink,S,-110,6000.0
2026-04-04 16:55:21,DSS43,EM2,Uplink,S,0.2,N/A
2026-04-04 16:57:32,DSS25,SPP,Downlink,X,-160,0.0
2026-04-04 16:57:32,DSS55,MRO,Downlink,X,-120,1333.0
2026-04-04 16:57:32,DSS55,M01O,Uplink,X,12,N/A
2026-04-04 16:57:32,DSS65,SOHO,Downlink,S,-120,245.8
2026-04-04 16:57:32,DSS65,SOHO,Uplink,S,0.1,N/A
2026-04-04 16:57:32,DSS54,TGO,Uplink,X,10,N/A
2026-04-04 16:57:32,DSS56,SPP,Downlink,X,-170,0.0
2026-04-04 16:57:32,DSS34,EM2,Downlink,S,-110,6000.0
2026-04-04 16:57:32,DSS34,EM2,Downlink,S,-110,6000.0
2026-04-04 16:57:32,DSS43,EM2,Downlink,S,-110,6000.0
2026-04-04 16:57:32,DSS43,EM2,Downlink,S,-110,6000.0
2026-04-04 16:57:32,DSS43,EM2,Uplink,S,0.2,N/A
2026-04-04 20:08:58,DSS56,WIND,Downlink,S,-130,6.4
2026-04-04 20:08:58,DSS56,WIND,Downlink,S,-120,73.51
2026-04-04 20:08:58,DSS56,WIND,Uplink,S,0.3,N/A
2026-04-04 20:08:58,DSS63,JNO,Downlink,X,-130,152.8
2026-04-04 20:08:58,DSS63,JNO,Uplink,X,18,N/A
2026-04-04 20:08:58,DSS65,ESCB,Downlink,X,-130,8.0
2026-04-04 20:08:58,DSS65,ESCB,Uplink,X,0.2,N/A
2026-04-04 20:08:58,DSS34,EM2,Downlink,S,-100,2000.0
2026-04-04 20:08:58,DSS34,EM2,Downlink,S,-100,2000.0
2026-04-04 20:08:58,DSS43,EM2,Downlink,S,-100,2000.0
2026-04-04 20:08:58,DSS43,EM2,Downlink,S,-100,2000.0
2026-04-04 20:08:58,DSS43,EM2,Uplink,S,0.2,N/A
2026-04-04 20:15:49,DSS26,M01O,Uplink,X,16,N/A
2026-04-04 20:15:49,DSS56,WIND,Downlink,S,-130,6.4
2026-04-04 20:15:49,DSS56,WIND,Downlink,S,-120,73.51
2026-04-04 20:15:49,DSS56,WIND,Uplink,S,0.4,N/A
2026-04-04 20:15:49,DSS63,JNO,Downlink,X,-130,152.8
2026-04-04 20:15:49,DSS63,JNO,Uplink,X,18,N/A
2026-04-04 20:15:49,DSS65,ESCB,Downlink,X,-130,8.0
2026-04-04 20:15:49,DSS65,ESCB,Uplink,S,0.2,N/A
2026-04-04 20:15:49,DSS34,EM2,Downlink,S,-100,2000.0
2026-04-04 20:15:49,DSS34,EM2,Downlink,S,-100,2000.0
2026-04-04 20:15:49,DSS43,EM2,Downlink,S,-100,2000.0
2026-04-04 20:15:49,DSS43,EM2,Downlink,S,-100,2000.0
2026-04-04 20:15:49,DSS43,EM2,Uplink,S,0.2,N/A
2026-04-04 20:22:55,DSS26,M01O,Uplink,X,16,N/A
2026-04-04 20:22:55,DSS56,WIND,Downlink,S,-130,6.4
2026-04-04 20:22:55,DSS56,WIND,Downlink,S,-120,73.51
2026-04-04 20:22:55,DSS56,WIND,Uplink,X,0.4,N/A
2026-04-04 20:22:55,DSS63,JNO,Downlink,X,-130,152.8
2026-04-04 20:22:55,DSS63,JNO,Uplink,X,18,N/A
2026-04-04 20:22:55,DSS65,ESCB,Downlink,X,-130,8.0
2026-04-04 20:22:55,DSS65,ESCB,Uplink,X,0.2,N/A
2026-04-04 20:22:55,DSS34,EM2,Downlink,S,-100,2000.0
2026-04-04 20:22:55,DSS34,EM2,Downlink,S,-100,2000.0
2026-04-04 20:22:55,DSS43,EM2,Downlink,S,-100,2000.0
2026-04-04 20:22:55,DSS43,EM2,Downlink,S,-100,2000.0
2026-04-04 20:22:55,DSS43,EM2,Uplink,S,0.2,N/A
2026-04-04 21:03:09,DSS24,CHDR,Downlink,S,-110,1188.0
2026-04-04 21:03:09,DSS24,CHDR,Uplink,S,2,N/A
2026-04-04 21:03:09,DSS56,WIND,Downlink,S,-130,6.4
2026-04-04 21:03:09,DSS56,WIND,Downlink,S,-120,73.51
2026-04-04 21:03:09,DSS56,WIND,Uplink,S,0.4,N/A
2026-04-04 21:03:09,DSS63,JNO,Downlink,X,-130,152.8
2026-04-04 21:03:09,DSS63,JNO,Uplink,X,18,N/A
2026-04-04 21:03:09,DSS65,ESCB,Uplink,S,0.2,N/A
2026-04-04 21:03:09,DSS34,EM2,Downlink,S,-110,6000.0
2026-04-04 21:03:09,DSS34,EM2,Downlink,S,-110,6000.0
2026-04-04 21:03:09,DSS43,EM2,Downlink,S,-110,6000.0
2026-04-04 21:03:09,DSS43,EM2,Downlink,S,-110,6000.0
2026-04-04 21:03:09,DSS43,EM2,Uplink,S,0.2,N/A
2026-04-04 21:05:50,DSS24,CHDR,Downlink,S,-110,1188.0
2026-04-04 21:05:50,DSS24,CHDR,Uplink,S,2,N/A
2026-04-04 21:05:50,DSS56,WIND,Downlink,S,-130,6.4
2026-04-04 21:05:50,DSS56,WIND,Downlink,S,-120,73.51
2026-04-04 21:05:50,DSS56,WIND,Uplink,X,0.4,N/A
2026-04-04 21:05:50,DSS63,JNO,Downlink,X,-130,152.8
2026-04-04 21:05:50,DSS63,JNO,Uplink,X,18,N/A
2026-04-04 21:05:50,DSS65,ESCB,Uplink,S,0.2,N/A
2026-04-04 21:05:50,DSS34,EM2,Downlink,S,-110,6000.0
2026-04-04 21:05:50,DSS34,EM2,Downlink,S,-110,6000.0
2026-04-04 21:05:50,DSS43,EM2,Downlink,S,-110,6000.0
2026-04-04 21:05:50,DSS43,EM2,Downlink,S,-110,6000.0
2026-04-04 21:05:50,DSS43,EM2,Uplink,S,0.2,N/A
2026-04-05 11:18:32,DSS26,EM2,Downlink,S,-110,3000.0
2026-04-05 11:18:32,DSS26,EM2,Downlink,S,-110,3000.0
2026-04-05 11:18:32,DSS24,EM2,Downlink,S,-110,3000.0
2026-04-05 11:18:32,DSS24,EM2,Downlink,S,-110,3000.0
2026-04-05 11:18:32,DSS24,EM2,Uplink,S,0.2,N/A
2026-04-05 11:18:32,DSS63,M01O,Downlink,X,-130,66.36
2026-04-05 11:18:32,DSS63,MRO,Downlink,X,-120,3000.0
2026-04-05 11:18:32,DSS63,MRO,Uplink,X,1,N/A
2026-04-05 11:18:32,DSS55,SPP,Downlink,X,-160,0.08012999999999999
2026-04-05 11:18:32,DSS55,SPP,Uplink,X,12,N/A
2026-04-05 11:18:32,DSS56,SOHO,Downlink,S,-110,245.8
2026-04-05 11:18:32,DSS56,SOHO,Uplink,S,0.1,N/A
2026-04-05 11:18:32,DSS54,MMS4,Downlink,S,-110,1250.0
2026-04-05 11:18:32,DSS54,MMS4,Uplink,S,0.2,N/A
2026-04-05 11:18:32,DSS34,CHDR,Downlink,S,-110,1188.0
2026-04-05 11:18:32,DSS34,CHDR,Uplink,S,1.9,N/A
2026-04-05 11:26:38,DSS26,EM2,Downlink,S,-110,3000.0
2026-04-05 11:26:38,DSS26,EM2,Downlink,S,-110,3000.0
2026-04-05 11:26:38,DSS24,EM2,Downlink,S,-110,3000.0
2026-04-05 11:26:38,DSS24,EM2,Downlink,S,-110,3000.0
2026-04-05 11:26:38,DSS24,EM2,Uplink,S,0.2,N/A
2026-04-05 11:26:38,DSS63,M01O,Downlink,X,-130,66.36
2026-04-05 11:26:38,DSS63,MRO,Downlink,X,-120,3000.0
2026-04-05 11:26:38,DSS63,MRO,Uplink,X,1,N/A
2026-04-05 11:26:38,DSS55,SPP,Downlink,X,-160,0.08012999999999999
2026-04-05 11:26:38,DSS55,SPP,Uplink,X,12,N/A
2026-04-05 11:26:38,DSS56,SOHO,Downlink,S,-120,245.8
2026-04-05 11:26:38,DSS56,SOHO,Uplink,X,0.1,N/A
2026-04-05 11:26:38,DSS54,MMS4,Downlink,S,-110,1250.0
2026-04-05 11:26:38,DSS54,MMS4,Uplink,S,0.2,N/A
2026-04-05 11:41:35,DSS26,EM2,Downlink,S,-110,3000.0
2026-04-05 11:41:35,DSS26,EM2,Downlink,S,-110,3000.0
2026-04-05 11:41:35,DSS24,EM2,Downlink,S,-110,3000.0
2026-04-05 11:41:35,DSS24,EM2,Downlink,S,-110,3000.0
2026-04-05 11:41:35,DSS24,EM2,Uplink,S,0.2,N/A
2026-04-05 11:41:35,DSS63,M01O,Downlink,X,-130,66.36
2026-04-05 11:41:35,DSS63,MRO,Downlink,X,-120,3000.0
2026-04-05 11:41:35,DSS55,SPP,Downlink,X,-160,0.08012999999999999
2026-04-05 11:41:35,DSS55,SPP,Uplink,X,12,N/A
2026-04-05 11:41:35,DSS56,SOHO,Downlink,S,-110,245.8
2026-04-05 11:41:35,DSS56,SOHO,Uplink,X,0.1,N/A
2026-04-05 11:41:35,DSS54,MMS4,Downlink,S,-110,1250.0
2026-04-05 11:41:35,DSS54,MMS4,Uplink,S,0.2,N/A
2026-04-05 11:41:35,DSS65,M01O,Downlink,X,-140,66.37
2026-04-05 11:41:35,DSS43,JNO,Downlink,X,-130,152.8
2026-04-05 11:44:35,DSS26,EM2,Downlink,S,-110,3000.0
2026-04-05 11:44:35,DSS26,EM2,Downlink,S,-110,3000.0
2026-04-05 11:44:35,DSS24,EM2,Downlink,S,-110,3000.0
2026-04-05 11:44:35,DSS24,EM2,Downlink,S,-110,3000.0
2026-04-05 11:44:35,DSS24,EM2,Uplink,S,0.2,N/A
2026-04-05 11:44:35,DSS63,M01O,Downlink,X,-130,66.36
2026-04-05 11:44:35,DSS63,MRO,Downlink,X,-120,3000.0
2026-04-05 11:44:35,DSS55,SPP,Downlink,X,-160,0.08012999999999999
2026-04-05 11:44:35,DSS55,SPP,Uplink,X,12,N/A
2026-04-05 11:44:35,DSS56,SOHO,Downlink,S,-110,245.8
2026-04-05 11:44:35,DSS56,SOHO,Uplink,X,0.1,N/A
2026-04-05 11:44:35,DSS54,MMS4,Downlink,S,-110,1250.0
2026-04-05 11:44:35,DSS54,MMS4,Uplink,S,0.2,N/A
2026-04-05 11:44:35,DSS43,JNO,Downlink,X,-130,152.8
2026-04-05 11:45:20,DSS26,EM2,Downlink,S,-110,3000.0
2026-04-05 11:45:20,DSS26,EM2,Downlink,S,-110,3000.0
2026-04-05 11:45:20,DSS24,EM2,Downlink,S,-110,3000.0
2026-04-05 11:45:20,DSS24,EM2,Downlink,S,-110,3000.0
2026-04-05 11:45:20,DSS24,EM2,Uplink,S,0.2,N/A
2026-04-05 11:45:20,DSS63,M01O,Downlink,X,-130,66.36
2026-04-05 11:45:20,DSS63,MRO,Downlink,X,-120,3000.0
2026-04-05 11:45:20,DSS55,SPP,Downlink,X,-160,0.08012000000000001
2026-04-05 11:45:20,DSS55,SPP,Uplink,X,12,N/A
2026-04-05 11:45:20,DSS56,SOHO,Downlink,S,-110,245.8
2026-04-05 11:45:20,DSS56,SOHO,Uplink,X,0.1,N/A
2026-04-05 11:45:20,DSS54,MMS4,Downlink,S,-110,1250.0
2026-04-05 11:45:20,DSS54,MMS4,Uplink,S,0.2,N/A
2026-04-05 11:45:20,DSS43,JNO,Downlink,X,-130,152.8
2026-04-05 11:45:20,DSS34,JWST,Uplink,S,4.8,N/A
2026-04-05 11:46:35,DSS26,EM2,Downlink,S,-110,3000.0
2026-04-05 11:46:35,DSS26,EM2,Downlink,S,-110,3000.0
2026-04-05 11:46:35,DSS24,EM2,Downlink,S,-110,3000.0
2026-04-05 11:46:35,DSS24,EM2,Downlink,S,-110,3000.0
2026-04-05 11:46:35,DSS24,EM2,Uplink,S,0.2,N/A
2026-04-05 11:46:35,DSS63,M01O,Downlink,X,-130,66.36
2026-04-05 11:46:35,DSS63,MRO,Downlink,X,-120,3000.0
2026-04-05 11:46:35,DSS55,SPP,Downlink,X,-160,0.08012000000000001
2026-04-05 11:46:35,DSS55,SPP,Uplink,X,12,N/A
2026-04-05 11:46:35,DSS56,SOHO,Downlink,S,-110,245.8
2026-04-05 11:46:35,DSS56,SOHO,Uplink,X,0.1,N/A
2026-04-05 11:46:35,DSS54,MMS4,Downlink,S,-110,1250.0
2026-04-05 11:46:35,DSS54,MMS4,Uplink,S,0.2,N/A
2026-04-05 11:46:35,DSS43,JNO,Downlink,X,-130,152.8
2026-04-05 11:46:35,DSS34,JWST,Uplink,S,4.9,N/A
2026-04-05 14:26:24,DSS26,EM2,Downlink,S,-110,3000.0
2026-04-05 14:26:24,DSS26,EM2,Downlink,S,-110,3000.0
2026-04-05 14:26:24,DSS24,EM2,Downlink,S,-110,3000.0
2026-04-05 14:26:24,DSS24,EM2,Downlink,S,-110,3000.0
2026-04-05 14:26:24,DSS24,EM2,Uplink,S,0.2,N/A
2026-04-05 14:26:24,DSS63,M01O,Downlink,X,-130,66.36
2026-04-05 14:26:24,DSS55,SPP,Downlink,X,-160,0.08012999999999999
2026-04-05 14:26:24,DSS55,SPP,Uplink,X,12,N/A
2026-04-05 14:26:24,DSS65,M01O,Downlink,X,-140,66.37
2026-04-05 14:26:24,DSS56,MSL,Uplink,S,18,N/A
2026-04-05 14:26:24,DSS34,JWST,Downlink,K,-91,28000.0
2026-04-05 14:26:24,DSS34,JWST,Downlink,S,-120,40.0
2026-04-05 14:26:24,DSS34,JWST,Uplink,S,5,N/A
2026-04-05 14:53:23,DSS26,EM2,Downlink,S,-110,3000.0
2026-04-05 14:53:23,DSS26,EM2,Downlink,S,-110,3000.0
2026-04-05 14:53:23,DSS24,EM2,Downlink,S,-110,3000.0
2026-04-05 14:53:23,DSS24,EM2,Downlink,S,-110,3000.0
2026-04-05 14:53:23,DSS24,EM2,Uplink,S,0.2,N/A
2026-04-05 14:53:23,DSS63,MRO,Downlink,X,-120,3000.0
2026-04-05 14:53:23,DSS55,SPP,Downlink,X,-160,0.08012000000000001
2026-04-05 14:53:23,DSS55,SPP,Uplink,X,12,N/A
2026-04-05 14:53:23,DSS56,MSL,Uplink,S,18,N/A
2026-04-05 15:11:30,DSS26,EM2,Downlink,S,-110,3000.0
2026-04-05 15:11:30,DSS26,EM2,Downlink,S,-110,3000.0
2026-04-05 15:11:30,DSS24,EM2,Downlink,S,-110,3000.0
2026-04-05 15:11:30,DSS24,EM2,Downlink,S,-110,3000.0
2026-04-05 15:11:30,DSS24,EM2,Uplink,S,0.2,N/A
2026-04-05 15:11:30,DSS63,M01O,Downlink,X,-130,66.36
2026-04-05 15:11:30,DSS63,MRO,Downlink,X,-120,3000.0
2026-04-05 15:11:30,DSS63,TGO,Downlink,X,-120,1000.0
2026-04-05 15:11:30,DSS55,SPP,Downlink,X,-160,0.08012999999999999
2026-04-05 15:11:30,DSS55,SPP,Uplink,X,12,N/A
2026-04-05 15:11:30,DSS56,MSL,Uplink,X,18,N/A
2026-04-05 15:11:30,DSS65,ACE,Uplink,S,0.2,N/A
2026-04-05 15:11:30,DSS43,EM2,Uplink,S,0.1,N/A
2026-04-05 21:07:24,DSS24,MRO,Downlink,X,-120,1000.0
2026-04-05 21:07:24,DSS25,STA,Downlink,X,-120,480.0
2026-04-05 21:07:24,DSS25,STA,Uplink,X,10,N/A
2026-04-05 21:07:24,DSS55,JNO,Downlink,X,-130,35.08
2026-04-05 21:07:24,DSS55,JNO,Uplink,X,12,N/A
2026-04-05 21:07:24,DSS43,EM2,Downlink,S,-100,2000.0
2026-04-05 21:07:24,DSS43,EM2,Downlink,S,-100,2000.0
2026-04-05 21:07:24,DSS34,EM2,Downlink,S,-110,2000.0
2026-04-05 21:07:24,DSS34,EM2,Downlink,S,-110,2000.0
2026-04-05 21:07:24,DSS34,EM2,Uplink,S,0.3,N/A
2026-04-05 21:10:40,DSS24,MRO,Downlink,X,-120,1000.0
2026-04-05 21:10:40,DSS25,STA,Downlink,X,-120,480.0
2026-04-05 21:10:40,DSS25,STA,Uplink,X,10,N/A
2026-04-05 21:10:40,DSS55,JNO,Downlink,X,-130,35.08
2026-04-05 21:10:40,DSS55,JNO,Uplink,X,12,N/A
2026-04-05 21:10:40,DSS56,CHDR,Downlink,S,-110,1188.0
2026-04-05 21:10:40,DSS56,CHDR,Uplink,X,0.1,N/A
2026-04-05 21:10:40,DSS43,EM2,Downlink,S,-100,2000.0
2026-04-05 21:10:40,DSS43,EM2,Downlink,S,-100,2000.0
2026-04-05 21:10:40,DSS34,EM2,Downlink,S,-110,2000.0
2026-04-05 21:10:40,DSS34,EM2,Downlink,S,-110,2000.0
2026-04-05 21:10:40,DSS34,EM2,Uplink,S,0.3,N/A
2026-04-05 21:46:03,DSS24,MRO,Uplink,X,5,N/A
2026-04-05 21:46:03,DSS25,STA,Downlink,X,-120,480.0
2026-04-05 21:46:03,DSS25,STA,Uplink,X,10,N/A
2026-04-05 21:46:03,DSS26,SOHO,Downlink,S,-120,245.8
2026-04-05 21:46:03,DSS26,SOHO,Uplink,S,0.1,N/A
2026-04-05 21:46:03,DSS55,JNO,Downlink,X,-130,35.08
2026-04-05 21:46:03,DSS55,JNO,Uplink,X,12,N/A
2026-04-05 21:46:03,DSS56,CHDR,Downlink,S,-110,1188.0
2026-04-05 21:46:03,DSS56,CHDR,Uplink,X,0.1,N/A
2026-04-05 21:46:03,DSS43,EM2,Downlink,S,-100,2000.0
2026-04-05 21:46:03,DSS43,EM2,Downlink,S,-100,2000.0
2026-04-05 21:46:03,DSS34,EM2,Downlink,S,-110,2000.0
2026-04-05 21:46:03,DSS34,EM2,Downlink,S,-110,2000.0
2026-04-05 21:46:03,DSS34,EM2,Uplink,S,0.3,N/A
2026-04-05 21:58:25,DSS24,MRO,Uplink,X,5,N/A
2026-04-05 21:58:25,DSS25,STA,Downlink,X,-120,480.0
2026-04-05 21:58:25,DSS25,STA,Uplink,X,10,N/A
2026-04-05 21:58:25,DSS26,SOHO,Downlink,S,-120,245.8
2026-04-05 21:58:25,DSS26,SOHO,Uplink,S,0.1,N/A
2026-04-05 21:58:25,DSS55,JNO,Downlink,X,-130,35.08
2026-04-05 21:58:25,DSS55,JNO,Uplink,X,12,N/A
2026-04-05 21:58:25,DSS56,CHDR,Downlink,S,-110,1188.0
2026-04-05 21:58:25,DSS56,CHDR,Uplink,S,0.1,N/A
2026-04-05 21:58:25,DSS43,EM2,Downlink,S,-100,2000.0
2026-04-05 21:58:25,DSS43,EM2,Downlink,S,-100,2000.0
2026-04-05 21:58:25,DSS34,EM2,Downlink,S,-110,2000.0
2026-04-05 21:58:25,DSS34,EM2,Downlink,S,-110,2000.0
2026-04-05 21:58:25,DSS34,EM2,Uplink,S,0.3,N/A
2026-04-06 08:52:12,DSS24,EM2,Downlink,S,-140,0.0
2026-04-06 08:52:12,DSS24,EM2,Uplink,S,0.2,N/A
2026-04-06 08:52:12,DSS25,CAPS,Downlink,X,-140,0.0
2026-04-06 08:52:12,DSS25,CAPS,Uplink,X,2,N/A
2026-04-06 08:52:12,DSS56,EM2,Downlink,S,-110,1000.0
2026-04-06 08:52:12,DSS56,EM2,Downlink,S,-110,1000.0
2026-04-06 08:52:12,DSS54,EM2,Downlink,S,-110,1000.0
2026-04-06 08:52:12,DSS54,EM2,Downlink,S,-110,1000.0
2026-04-06 08:52:12,DSS54,EM2,Uplink,S,0.3,N/A
2026-04-06 08:52:12,DSS55,PSYC,Downlink,X,-120,239.1
2026-04-06 08:52:12,DSS55,PSYC,Uplink,X,12,N/A
2026-04-06 10:07:41,DSS26,EM2,Downlink,S,-110,1000.0
2026-04-06 10:07:41,DSS26,EM2,Downlink,S,-110,1000.0
2026-04-06 10:07:41,DSS24,EM2,Downlink,S,-110,1000.0
2026-04-06 10:07:41,DSS24,EM2,Downlink,S,-110,1000.0
2026-04-06 10:07:41,DSS24,EM2,Uplink,S,0.3,N/A
2026-04-06 10:07:41,DSS25,CAPS,Downlink,X,-120,256.0
2026-04-06 10:07:41,DSS25,CAPS,Uplink,X,2,N/A
2026-04-06 10:07:41,DSS55,PSYC,Downlink,X,-120,239.1
2026-04-06 10:07:41,DSS55,PSYC,Uplink,X,12,N/A
2026-04-06 10:07:41,DSS65,SOHO,Downlink,S,-120,245.8
2026-04-06 10:07:41,DSS65,SOHO,Uplink,S,0.1,N/A
2026-04-06 13:48:22,DSS26,EM2,Downlink,S,-110,3000.0
2026-04-06 13:48:22,DSS26,EM2,Downlink,S,-110,3000.0
2026-04-06 13:48:22,DSS24,EM2,Downlink,S,-110,3000.0
2026-04-06 13:48:22,DSS24,EM2,Downlink,S,-110,3000.0
2026-04-06 13:48:22,DSS24,EM2,Uplink,S,0.2,N/A
2026-04-06 13:48:22,DSS25,ORX,Downlink,X,-110,916.7
2026-04-06 13:48:22,DSS25,ORX,Uplink,X,19,N/A
2026-04-06 13:48:22,DSS63,M01O,Downlink,X,-130,66.36
2026-04-06 13:48:22,DSS63,EMM,Downlink,X,-120,241.9
2026-04-06 13:48:22,DSS65,MRO,Downlink,X,-120,1000.0
2026-04-06 13:48:22,DSS55,STA,Downlink,X,-120,480.0
2026-04-06 13:48:22,DSS55,STA,Uplink,X,10,N/A
2026-04-06 13:48:22,DSS56,MMS2,Downlink,S,-110,2500.0
2026-04-06 13:48:22,DSS56,MMS2,Uplink,X,0.2,N/A
2026-04-06 13:48:22,DSS34,JNO,Downlink,X,-130,35.08
2026-04-06 13:48:22,DSS34,JNO,Uplink,X,18,N/A
2026-04-06 14:07:29,DSS26,EM2,Downlink,S,-110,3000.0
2026-04-06 14:07:29,DSS26,EM2,Downlink,S,-110,3000.0
2026-04-06 14:07:29,DSS24,EM2,Downlink,S,-110,3000.0
2026-04-06 14:07:29,DSS24,EM2,Downlink,S,-110,3000.0
2026-04-06 14:07:29,DSS24,EM2,Uplink,S,0.2,N/A
2026-04-06 14:07:29,DSS25,ORX,Downlink,X,-110,916.7
2026-04-06 14:07:29,DSS25,ORX,Uplink,X,19,N/A
2026-04-06 14:07:29,DSS63,M01O,Downlink,X,-130,66.36
2026-04-06 14:07:29,DSS63,EMM,Downlink,X,-120,241.9
2026-04-06 14:07:29,DSS65,MRO,Downlink,X,-120,1000.0
2026-04-06 14:07:29,DSS55,STA,Downlink,X,-120,480.0
2026-04-06 14:07:29,DSS55,STA,Uplink,X,10,N/A
2026-04-06 14:42:18,DSS26,EM2,Downlink,S,-110,3000.0
2026-04-06 14:42:18,DSS26,EM2,Downlink,S,-110,3000.0
2026-04-06 14:42:18,DSS24,EM2,Downlink,S,-110,3000.0
2026-04-06 14:42:18,DSS24,EM2,Downlink,S,-110,3000.0
2026-04-06 14:42:18,DSS24,EM2,Uplink,S,0.2,N/A
2026-04-06 14:42:18,DSS25,ORX,Downlink,X,-110,916.7
2026-04-06 14:42:18,DSS25,ORX,Uplink,X,19,N/A
2026-04-06 14:42:18,DSS63,M01O,Downlink,X,-130,66.36
2026-04-06 14:42:18,DSS63,EMM,Downlink,X,-120,241.9
2026-04-06 14:42:18,DSS63,MSL,Uplink,X,17,N/A
2026-04-06 14:42:18,DSS56,MMS3,Downlink,S,-110,2500.0
2026-04-06 14:42:18,DSS56,MMS3,Uplink,X,0.2,N/A
2026-04-06 19:07:49,DSS26,MRO,Downlink,X,-120,1333.0
2026-04-06 19:07:49,DSS26,M20,Uplink,S,18,N/A
2026-04-06 19:07:49,DSS25,PSYC,Downlink,X,-120,239.1
2026-04-06 19:07:49,DSS25,PSYC,Uplink,X,18,N/A
2026-04-06 19:07:49,DSS56,ACE,Downlink,S,-120,87.65
2026-04-06 19:07:49,DSS56,ACE,Downlink,S,-120,87.65
2026-04-06 19:07:49,DSS56,ACE,Uplink,X,0.4,N/A
2026-04-06 19:07:49,DSS63,JNO,Downlink,X,-130,152.8
2026-04-06 19:07:49,DSS63,JNO,Uplink,X,18,N/A
2026-04-06 19:07:49,DSS54,WIND,Downlink,S,-130,6.4
2026-04-06 19:07:49,DSS54,WIND,Downlink,S,-120,73.51
2026-04-06 19:07:49,DSS54,WIND,Uplink,S,1.9,N/A
2026-04-06 19:07:49,DSS34,EM2,Downlink,S,-110,2000.0
2026-04-06 19:07:49,DSS34,EM2,Downlink,S,-110,2000.0
2026-04-06 19:07:49,DSS34,EM2,Uplink,S,0.3,N/A
2026-04-06 19:07:49,DSS43,EM2,Downlink,S,-100,2000.0
2026-04-06 19:07:49,DSS43,EM2,Downlink,S,-100,2000.0
2026-04-06 22:04:41,DSS26,MRO,Uplink,X,5,N/A
2026-04-06 22:04:41,DSS25,PSYC,Downlink,X,-120,239.1
2026-04-06 22:04:41,DSS25,PSYC,Uplink,X,18,N/A
2026-04-06 22:04:41,DSS63,JNO,Downlink,X,-130,152.8
2026-04-06 22:04:41,DSS63,JNO,Uplink,X,18,N/A
2026-04-06 22:04:41,DSS34,EM2,Downlink,S,-110,6000.0
2026-04-06 22:04:41,DSS34,EM2,Downlink,S,-110,6000.0
2026-04-06 22:04:41,DSS34,EM2,Uplink,S,0.2,N/A
2026-04-06 22:04:41,DSS43,EM2,Downlink,S,-100,6000.0
2026-04-06 22:04:41,DSS43,EM2,Downlink,S,-100,6000.0
2026-04-06 22:06:56,DSS26,MRO,Uplink,X,5,N/A
2026-04-06 22:06:56,DSS25,PSYC,Downlink,X,-120,239.1
2026-04-06 22:06:56,DSS25,PSYC,Uplink,X,18,N/A
2026-04-06 22:06:56,DSS63,JNO,Downlink,X,-130,152.8
2026-04-06 22:06:56,DSS63,JNO,Uplink,X,19,N/A
2026-04-06 22:06:56,DSS34,EM2,Downlink,S,-110,6000.0
2026-04-06 22:06:56,DSS34,EM2,Downlink,S,-110,6000.0
2026-04-06 22:06:56,DSS34,EM2,Uplink,S,0.2,N/A
2026-04-06 22:06:56,DSS43,EM2,Downlink,S,-100,6000.0
2026-04-06 22:06:56,DSS43,EM2,Downlink,S,-100,6000.0
2026-04-06 23:53:27,DSS25,PSYC,Downlink,X,-120,239.1
2026-04-06 23:53:27,DSS25,PSYC,Uplink,X,18,N/A
2026-04-06 23:53:27,DSS63,JNO,Downlink,X,-130,152.8
2026-04-06 23:53:27,DSS63,JNO,Uplink,X,19,N/A
2026-04-06 23:53:27,DSS54,JWST,Downlink,K,-91,28000.0
2026-04-06 23:53:27,DSS54,JWST,Downlink,S,-120,40.0
2026-04-06 23:53:27,DSS54,JWST,Uplink,S,4.8,N/A
2026-04-06 23:53:27,DSS34,EM2,Downlink,S,-110,6000.0
2026-04-06 23:53:27,DSS34,EM2,Downlink,S,-110,6000.0
2026-04-06 23:53:27,DSS34,EM2,Uplink,S,0.2,N/A
2026-04-06 23:53:27,DSS43,EM2,Downlink,S,-100,6000.0
2026-04-06 23:53:27,DSS43,EM2,Downlink,S,-100,6000.0
2026-04-07 00:54:49,DSS25,PSYC,Downlink,X,-120,239.1
2026-04-07 00:54:49,DSS25,PSYC,Uplink,X,18,N/A
2026-04-07 00:54:49,DSS63,JNO,Downlink,X,-130,152.8
2026-04-07 00:54:49,DSS63,JNO,Uplink,X,19,N/A
2026-04-07 00:54:49,DSS65,CHDR,Downlink,S,-110,1188.0
2026-04-07 00:54:49,DSS65,CHDR,Uplink,S,0.1,N/A
2026-04-07 00:54:49,DSS34,EM2,Uplink,S,0.2,N/A
2026-04-07 15:08:33,DSS26,EM2,Downlink,S,-110,3000.0
2026-04-07 15:08:33,DSS26,EM2,Downlink,S,-110,3000.0
2026-04-07 15:08:33,DSS24,EM2,Downlink,S,-110,3000.0
2026-04-07 15:08:33,DSS24,EM2,Downlink,S,-110,3000.0
2026-04-07 15:08:33,DSS24,EM2,Uplink,S,0.3,N/A
2026-04-07 15:08:33,DSS25,STA,Downlink,X,-120,480.0
2026-04-07 15:08:33,DSS25,STA,Uplink,X,10,N/A
2026-04-07 15:08:33,DSS63,SPP,Downlink,X,-150,0.5952000000000001
2026-04-07 15:08:33,DSS63,SPP,Uplink,X,18,N/A
2026-04-07 15:08:33,DSS65,M01O,Downlink,X,-140,14.22
2026-04-07 15:08:33,DSS54,ACE,Downlink,S,-120,87.65
2026-04-07 15:08:33,DSS54,ACE,Downlink,S,-120,87.65
2026-04-07 15:08:33,DSS54,ACE,Uplink,S,2,N/A
2026-04-07 15:08:33,DSS56,IMAP,Downlink,X,-110,714.3
2026-04-07 15:08:33,DSS56,IMAP,Uplink,X,2,N/A
2026-04-07 15:08:33,DSS43,EM2,Downlink,S,-140,0.0
2026-04-07 15:08:33,DSS43,EM2,Uplink,S,0.2,N/A
2026-04-07 15:29:51,DSS26,EM2,Downlink,S,-110,3000.0
2026-04-07 15:29:51,DSS26,EM2,Downlink,S,-110,3000.0
2026-04-07 15:29:51,DSS24,EM2,Downlink,S,-110,3000.0
2026-04-07 15:29:51,DSS24,EM2,Downlink,S,-110,3000.0
2026-04-07 15:29:51,DSS24,EM2,Uplink,S,0.2,N/A
2026-04-07 15:29:51,DSS25,STA,Downlink,X,-120,480.0
2026-04-07 15:29:51,DSS25,STA,Uplink,X,9.9,N/A
2026-04-07 15:29:51,DSS65,M01O,Downlink,X,-140,14.22
2026-04-07 15:29:51,DSS65,MRO,Downlink,X,-120,1000.0
2026-04-07 15:29:51,DSS65,MSL,Uplink,X,18,N/A
2026-04-07 15:29:51,DSS54,ACE,Downlink,S,-120,87.65
2026-04-07 15:29:51,DSS54,ACE,Downlink,S,-120,87.65
2026-04-07 15:29:51,DSS54,ACE,Uplink,S,2,N/A
2026-04-07 15:29:51,DSS56,IMAP,Downlink,X,-110,714.3
2026-04-07 15:29:51,DSS56,IMAP,Uplink,X,2,N/A
2026-04-07 15:29:51,DSS43,EM2,Downlink,S,-140,0.0
2026-04-07 15:29:51,DSS43,EM2,Uplink,S,0.2,N/A
2026-04-07 15:29:51,DSS34,EM2,Uplink,S,5,N/A
2026-04-07 16:02:36,DSS26,EM2,Downlink,S,-110,3000.0
2026-04-07 16:02:36,DSS26,EM2,Downlink,S,-110,3000.0
2026-04-07 16:02:36,DSS24,EM2,Downlink,S,-110,3000.0
2026-04-07 16:02:36,DSS24,EM2,Downlink,S,-110,3000.0
2026-04-07 16:02:36,DSS24,EM2,Uplink,S,0.3,N/A
2026-04-07 16:02:36,DSS65,MRO,Downlink,X,-120,1000.0
2026-04-07 16:02:36,DSS65,TGO,Downlink,X,-130,357.1
2026-04-07 16:02:36,DSS65,MSL,Uplink,X,18,N/A
2026-04-07 16:02:36,DSS54,ACE,Downlink,S,-120,87.65
2026-04-07 16:02:36,DSS54,ACE,Downlink,S,-120,87.65
2026-04-07 16:02:36,DSS54,ACE,Uplink,S,2,N/A
2026-04-07 16:02:36,DSS56,IMAP,Downlink,X,-110,714.3
2026-04-07 16:02:36,DSS56,IMAP,Uplink,S,2,N/A
2026-04-08 00:27:33,DSS25,IMAP,Downlink,X,-110,714.3
2026-04-08 00:27:33,DSS25,IMAP,Uplink,X,2,N/A
2026-04-08 00:27:33,DSS26,SOHO,Downlink,S,-120,nan
2026-04-08 00:27:33,DSS26,SOHO,Uplink,X,0.1,N/A
2026-04-08 00:27:33,DSS55,JNO,Downlink,X,-130,35.08
2026-04-08 00:27:33,DSS55,JNO,Uplink,X,12,N/A
2026-04-08 00:27:33,DSS65,LUCY,Downlink,X,-140,62.5
2026-04-08 00:27:33,DSS65,LUCY,Downlink,X,-130,62.5
2026-04-08 00:27:33,DSS65,LUCY,Uplink,S,18,N/A
2026-04-08 00:27:33,DSS54,JWST,Downlink,S,-120,40.0
2026-04-08 00:27:33,DSS54,JWST,Downlink,K,-93,28000.0
2026-04-08 00:27:33,DSS54,JWST,Uplink,S,5,N/A
2026-04-08 00:27:33,DSS43,EM2,Downlink,S,-100,2000.0
2026-04-08 00:27:33,DSS43,EM2,Downlink,S,-100,2000.0
2026-04-08 00:27:33,DSS34,EM2,Downlink,S,-110,2000.0
2026-04-08 00:27:33,DSS34,EM2,Downlink,S,-110,2000.0
2026-04-08 00:27:33,DSS34,EM2,Uplink,S,0.2,N/A
2026-04-08 00:57:11,DSS25,IMAP,Downlink,X,-110,714.3
2026-04-08 00:57:11,DSS25,IMAP,Uplink,X,2,N/A
2026-04-08 00:57:11,DSS24,MMS3,Downlink,S,-110,2500.0
2026-04-08 00:57:11,DSS24,MMS3,Uplink,S,0.2,N/A
2026-04-08 00:57:11,DSS55,JNO,Downlink,X,-130,35.08
2026-04-08 00:57:11,DSS55,JNO,Uplink,X,12,N/A
2026-04-08 00:57:11,DSS65,LUCY,Downlink,X,-130,62.5
2026-04-08 00:57:11,DSS65,LUCY,Downlink,X,-130,62.5
2026-04-08 00:57:11,DSS65,LUCY,Uplink,S,18,N/A
2026-04-08 00:57:11,DSS43,EM2,Downlink,S,-100,2000.0
2026-04-08 00:57:11,DSS34,EM2,Downlink,S,-110,2000.0
2026-04-08 00:57:11,DSS34,EM2,Uplink,S,0.2,N/A
2026-04-09 20:18:02,DSS26,MRO,Downlink,X,-120,1333.0
2026-04-09 20:18:02,DSS26,EMM,Downlink,X,-120,241.9
2026-04-09 20:18:02,DSS56,WIND,Downlink,S,-130,6.4
2026-04-09 20:18:02,DSS56,WIND,Downlink,S,-120,73.51
2026-04-09 20:18:02,DSS56,WIND,Uplink,S,0.4,N/A
2026-04-09 20:18:02,DSS63,JNO,Downlink,X,-130,152.8
2026-04-09 20:18:02,DSS63,JNO,Uplink,X,18,N/A
2026-04-09 20:18:02,DSS34,EM2,Downlink,S,-100,2000.0
2026-04-09 20:18:02,DSS34,EM2,Downlink,S,-100,2000.0
2026-04-09 20:18:02,DSS43,EM2,Downlink,S,-99,2000.0
2026-04-09 20:18:02,DSS43,EM2,Downlink,S,-99,2000.0
2026-04-09 20:18:02,DSS43,EM2,Uplink,X,0.2,N/A
2026-04-09 20:31:13,DSS26,MRO,Downlink,X,-120,1333.0
2026-04-09 20:31:13,DSS26,EMM,Downlink,X,-120,241.9
2026-04-09 20:31:13,DSS56,WIND,Downlink,S,-130,6.4
2026-04-09 20:31:13,DSS56,WIND,Downlink,S,-120,73.51
2026-04-09 20:31:13,DSS56,WIND,Uplink,X,0.4,N/A
2026-04-09 20:31:13,DSS63,JNO,Downlink,X,-130,152.8
2026-04-09 20:31:13,DSS63,JNO,Uplink,X,18,N/A
2026-04-09 20:31:13,DSS34,EM2,Downlink,S,-100,2000.0
2026-04-09 20:31:13,DSS34,EM2,Downlink,S,-100,2000.0
2026-04-09 20:31:13,DSS43,EM2,Downlink,S,-99,2000.0
2026-04-09 20:31:13,DSS43,EM2,Downlink,S,-99,2000.0
2026-04-09 20:31:13,DSS43,EM2,Uplink,S,0.2,N/A
2026-04-09 22:05:33,DSS26,MRO,Downlink,X,-120,1333.0
2026-04-09 22:05:33,DSS26,EMM,Downlink,X,-120,241.9
2026-04-09 22:05:33,DSS26,MRO,Uplink,X,0,N/A
2026-04-09 22:05:33,DSS24,M20,Uplink,X,18,N/A
2026-04-09 22:05:33,DSS63,JNO,Downlink,X,-130,152.8
2026-04-09 22:05:33,DSS63,JNO,Uplink,X,18,N/A
2026-04-09 22:05:33,DSS34,EM2,Downlink,S,-100,2000.0
2026-04-09 22:05:33,DSS34,EM2,Downlink,S,-100,2000.0
2026-04-09 22:05:33,DSS43,EM2,Downlink,S,-99,2000.0
2026-04-09 22:05:33,DSS43,EM2,Downlink,S,-99,2000.0
2026-04-09 22:05:33,DSS43,EM2,Uplink,X,0.2,N/A
2026-04-09 22:18:04,DSS26,MRO,Downlink,X,-120,1333.0
2026-04-09 22:18:04,DSS26,EMM,Downlink,X,-120,241.9
2026-04-09 22:18:04,DSS24,M20,Uplink,X,18,N/A
2026-04-09 22:18:04,DSS63,JNO,Downlink,X,-130,152.8
2026-04-09 22:18:04,DSS63,JNO,Uplink,X,18,N/A
2026-04-09 22:18:04,DSS34,EM2,Downlink,S,-100,2000.0
2026-04-09 22:18:04,DSS34,EM2,Downlink,S,-100,2000.0
2026-04-09 22:18:04,DSS43,EM2,Downlink,S,-99,2000.0
2026-04-09 22:18:04,DSS43,EM2,Downlink,S,-99,2000.0
2026-04-09 22:18:04,DSS43,EM2,Uplink,S,0.2,N/A
2026-04-09 22:38:51,DSS26,MRO,Downlink,X,-120,1333.0
2026-04-09 22:38:51,DSS26,EMM,Downlink,X,-120,241.9
2026-04-09 22:38:51,DSS63,JNO,Downlink,X,-130,152.8
2026-04-09 22:38:51,DSS63,JNO,Uplink,X,18,N/A
2026-04-09 22:38:51,DSS34,EM2,Downlink,S,-100,2000.0
2026-04-09 22:38:51,DSS34,EM2,Downlink,S,-100,2000.0
2026-04-09 22:38:51,DSS43,EM2,Downlink,S,-99,2000.0
2026-04-09 22:38:51,DSS43,EM2,Downlink,S,-99,2000.0
2026-04-09 22:38:51,DSS43,EM2,Uplink,S,0.2,N/A
2026-04-10 23:11:01,DSS25,TGO,Downlink,X,-130,357.1
2026-04-10 23:11:01,DSS24,SOHO,Downlink,S,-120,245.8
2026-04-10 23:11:01,DSS24,SOHO,Uplink,S,1.7,N/A
2026-04-10 23:11:01,DSS65,ESCB,Downlink,X,-120,8.0
2026-04-10 23:11:01,DSS65,ESCB,Uplink,S,0.2,N/A
2026-04-10 23:11:01,DSS43,EM2,Downlink,S,-99,6000.0
2026-04-10 23:11:01,DSS43,EM2,Downlink,S,-99,6000.0
2026-04-10 23:11:01,DSS34,EM2,Downlink,S,-99,6000.0
2026-04-10 23:11:01,DSS34,EM2,Downlink,S,-99,6000.0
2026-04-10 23:11:01,DSS34,EM2,Uplink,S,0.2,N/A
2026-04-11 02:00:21,DSS26,CGO,Downlink,S,-120,1000.0
2026-04-11 02:00:21,DSS26,CGO,Uplink,S,0.1,N/A
2026-04-11 02:00:21,DSS24,IMAP,Downlink,X,-110,714.3
2026-04-11 02:00:21,DSS24,IMAP,Uplink,X,1.9,N/A
2026-04-11 02:00:21,DSS65,ESCB,Uplink,S,0.2,N/A
2026-04-11 02:00:21,DSS56,LUCY,Downlink,X,-130,62.5
2026-04-11 02:00:21,DSS56,LUCY,Uplink,S,19,N/A
2026-04-11 02:00:21,DSS54,JWST,Downlink,K,-91,28000.0
2026-04-11 02:00:21,DSS54,JWST,Downlink,S,-120,40.0
2026-04-11 02:00:21,DSS54,JWST,Uplink,S,5.1,N/A
2026-04-11 02:00:21,DSS63,VGR1,Downlink,X,-160,0.16
2026-04-11 02:04:27,DSS26,CGO,Downlink,S,-120,1000.0
2026-04-11 02:04:27,DSS26,CGO,Uplink,S,0.1,N/A
2026-04-11 02:04:27,DSS24,IMAP,Downlink,X,-110,714.3
2026-04-11 02:04:27,DSS24,IMAP,Uplink,X,1.9,N/A
2026-04-11 02:04:27,DSS65,ESCB,Downlink,X,-120,8.0
2026-04-11 02:04:27,DSS65,ESCB,Uplink,X,0.2,N/A
2026-04-11 02:04:27,DSS56,LUCY,Downlink,X,-130,62.5
2026-04-11 02:04:27,DSS56,LUCY,Uplink,X,19,N/A
2026-04-11 02:04:27,DSS54,JWST,Downlink,K,-91,28000.0
2026-04-11 02:04:27,DSS54,JWST,Downlink,S,-120,40.0
2026-04-11 02:04:27,DSS54,JWST,Uplink,S,5.1,N/A
2026-04-11 02:04:27,DSS63,VGR1,Downlink,X,-160,0.16
2026-04-11 02:04:27,DSS34,PSYC,Downlink,X,-130,0.0
2026-04-11 02:04:27,DSS34,PSYC,Uplink,X,18,N/A
2026-04-11 02:05:27,DSS26,CGO,Downlink,S,-120,1000.0
2026-04-11 02:05:27,DSS26,CGO,Uplink,S,0.1,N/A
2026-04-11 02:05:27,DSS24,IMAP,Downlink,X,-110,714.3
2026-04-11 02:05:27,DSS24,IMAP,Uplink,X,1.9,N/A
2026-04-11 02:05:27,DSS65,ESCB,Downlink,X,-120,8.0
2026-04-11 02:05:27,DSS65,ESCB,Uplink,X,0.2,N/A
2026-04-11 02:05:27,DSS56,LUCY,Downlink,X,-130,62.5
2026-04-11 02:05:27,DSS56,LUCY,Uplink,X,19,N/A
2026-04-11 02:05:27,DSS54,JWST,Downlink,K,-91,28000.0
2026-04-11 02:05:27,DSS54,JWST,Downlink,S,-120,40.0
2026-04-11 02:05:27,DSS54,JWST,Uplink,S,5.1,N/A
2026-04-11 02:05:27,DSS63,VGR1,Downlink,X,-160,0.16
2026-04-11 02:05:27,DSS34,PSYC,Downlink,X,-140,0.0
2026-04-11 02:05:27,DSS34,PSYC,Uplink,X,18,N/A
